{"training_loss": [0.004047051525115967, 0.004045427703857422], "validation loss": [0.004047316789627075, 0.004046173095703125]}